3af64a,127.0.0.1,GET,http://weblinks/logout,1440721732,,302
ca0e01,127.0.0.1,GET,http://weblinks/,1440721732,,200
8f0d5c,127.0.0.1,GET,http://weblinks/link/submit,1440721771,,200
00674b,127.0.0.1,GET,http://weblinks/login,1440721807,,200
3e1ddd,127.0.0.1,POST,http://weblinks/login_check,1440721816,,302
9c6b97,127.0.0.1,GET,http://weblinks/,1440721816,,200
85ad4f,127.0.0.1,GET,http://weblinks/link/submit,1440721818,,200
b6ea37,127.0.0.1,GET,http://weblinks/link/submit,1440721824,,200
81fb15,127.0.0.1,GET,http://weblinks/,1440721825,,200
ceed7e,127.0.0.1,GET,http://weblinks/admin,1440721827,,200
38cf0c,127.0.0.1,GET,http://weblinks/,1440721830,,200
35d011,127.0.0.1,GET,http://weblinks/,1440754118,,200
c697b2,127.0.0.1,GET,http://weblinks/login,1440754123,,200
4a6222,127.0.0.1,POST,http://weblinks/login_check,1440754134,,302
534fdb,127.0.0.1,GET,http://weblinks/,1440754134,,200
6c4a11,127.0.0.1,GET,http://weblinks/admin,1440754138,,200
c57731,127.0.0.1,GET,http://weblinks/admin/link/4/edit,1440754148,,200
561a50,127.0.0.1,POST,http://weblinks/admin/link/4/edit,1440754152,,200
8f5731,127.0.0.1,GET,http://weblinks/admin/link/4/edit,1440754191,,200
e1a38a,127.0.0.1,GET,http://weblinks/,1440760035,,200
